date,commits
2010-01-01,6
2010-01-02,11
2010-01-03,15
2010-01-04,18
2010-01-05,15
2010-01-06,19
2010-01-07,31
2010-01-08,18
2010-01-09,13
2010-01-10,8
2010-01-11,32
2010-01-12,26
2010-01-13,12
2010-01-14,19
2010-01-15,21
2010-01-16,24
2010-01-17,12
2010-01-18,15
2010-01-19,28
2010-01-20,19
2010-01-21,25
2010-01-22,30
2010-01-23,10
2010-01-24,17
2010-01-25,49
2010-01-26,21
2010-01-27,25
2010-01-28,17
2010-01-29,32
2010-01-30,16
2010-01-31,22
2010-02-01,28
2010-02-02,24
2010-02-03,23
2010-02-04,24
2010-02-05,29
2010-02-06,12
2010-02-07,17
2010-02-08,33
2010-02-09,29
2010-02-10,31
2010-02-11,25
2010-02-12,20
2010-02-13,14
2010-02-14,20
2010-02-15,47
2010-02-16,44
2010-02-17,24
2010-02-18,15
2010-02-19,35
2010-02-20,5
2010-02-21,12
2010-02-22,30
2010-02-23,32
2010-02-24,53
2010-02-25,28
2010-02-26,26
2010-02-27,13
2010-02-28,14
2010-03-01,36
2010-03-02,26
2010-03-03,31
2010-03-04,15
2010-03-05,18
2010-03-06,7
2010-03-07,5
2010-03-08,23
2010-03-09,16
2010-03-10,24
2010-03-11,33
2010-03-12,33
2010-03-13,18
2010-03-14,13
2010-03-15,28
2010-03-16,20
2010-03-17,15
2010-03-18,22
2010-03-19,18
2010-03-20,12
2010-03-21,7
2010-03-22,22
2010-03-23,25
2010-03-24,13
2010-03-25,10
2010-03-26,27
2010-03-27,9
2010-03-28,11
2010-03-29,17
2010-03-30,18
2010-03-31,44
2010-04-01,21
2010-04-02,16
2010-04-03,12
2010-04-04,5
2010-04-05,12
2010-04-06,25
2010-04-07,15
2010-04-08,22
2010-04-09,16
2010-04-10,12
2010-04-11,5
2010-04-12,26
2010-04-13,29
2010-04-14,24
2010-04-15,22
2010-04-16,35
2010-04-17,11
2010-04-18,5
2010-04-19,22
2010-04-20,45
2010-04-21,33
2010-04-22,28
2010-04-23,16
2010-04-24,8
2010-04-25,15
2010-04-26,22
2010-04-27,19
2010-04-28,18
2010-04-29,21
2010-04-30,23
2010-05-01,17
2010-05-02,9
2010-05-03,31
2010-05-04,25
2010-05-05,30
2010-05-06,24
2010-05-07,45
2010-05-08,16
2010-05-09,6
2010-05-10,20
2010-05-11,37
2010-05-12,22
2010-05-13,17
2010-05-14,22
2010-05-15,10
2010-05-16,17
2010-05-17,17
2010-05-18,31
2010-05-19,19
2010-05-20,19
2010-05-21,23
2010-05-22,9
2010-05-23,10
2010-05-24,12
2010-05-25,15
2010-05-26,22
2010-05-27,19
2010-05-28,28
2010-05-29,24
2010-05-30,10
2010-05-31,20
2010-06-01,23
2010-06-02,27
2010-06-03,23
2010-06-04,24
2010-06-05,9
2010-06-06,11
2010-06-07,18
2010-06-08,24
2010-06-09,29
2010-06-10,27
2010-06-11,19
2010-06-12,9
2010-06-13,8
2010-06-14,34
2010-06-15,38
2010-06-16,30
2010-06-17,24
2010-06-18,30
2010-06-19,12
2010-06-20,10
2010-06-21,15
2010-06-22,35
2010-06-23,29
2010-06-24,26
2010-06-25,27
2010-06-26,10
2010-06-27,7
2010-06-28,30
2010-06-29,37
2010-06-30,17
2010-07-01,44
2010-07-02,24
2010-07-03,9
2010-07-04,2
2010-07-05,16
2010-07-06,33
2010-07-07,40
2010-07-08,29
2010-07-09,22
2010-07-10,7
2010-07-11,18
2010-07-12,27
2010-07-13,30
2010-07-14,46
2010-07-15,23
2010-07-16,42
2010-07-17,12
2010-07-18,13
2010-07-19,17
2010-07-20,37
2010-07-21,50
2010-07-22,29
2010-07-23,32
2010-07-24,13
2010-07-25,6
2010-07-26,53
2010-07-27,24
2010-07-28,33
2010-07-29,47
2010-07-30,20
2010-07-31,24
2010-08-01,7
2010-08-02,22
2010-08-03,24
2010-08-04,30
2010-08-05,27
2010-08-06,35
2010-08-07,4
2010-08-08,10
2010-08-09,32
2010-08-10,22
2010-08-11,27
2010-08-12,29
2010-08-13,36
2010-08-14,12
2010-08-15,17
2010-08-16,33
2010-08-17,29
2010-08-18,36
2010-08-19,42
2010-08-20,30
2010-08-21,10
2010-08-22,21
2010-08-23,29
2010-08-24,32
2010-08-25,44
2010-08-26,49
2010-08-27,20
2010-08-28,22
2010-08-29,11
2010-08-30,32
2010-08-31,49
2010-09-01,21
2010-09-02,22
2010-09-03,15
2010-09-04,5
2010-09-05,6
2010-09-06,16
2010-09-07,33
2010-09-08,34
2010-09-09,24
2010-09-10,34
2010-09-11,9
2010-09-12,11
2010-09-13,51
2010-09-14,42
2010-09-15,38
2010-09-16,33
2010-09-17,29
2010-09-18,14
2010-09-19,10
2010-09-20,47
2010-09-21,35
2010-09-22,46
2010-09-23,49
2010-09-24,23
2010-09-25,6
2010-09-26,7
2010-09-27,35
2010-09-28,40
2010-09-29,29
2010-09-30,35
2010-10-01,36
2010-10-02,10
2010-10-03,8
2010-10-04,33
2010-10-05,34
2010-10-06,25
2010-10-07,53
2010-10-08,25
2010-10-09,4
2010-10-10,4
2010-10-11,28
2010-10-12,30
2010-10-13,35
2010-10-14,34
2010-10-15,37
2010-10-16,17
2010-10-17,17
2010-10-18,55
2010-10-19,54
2010-10-20,35
2010-10-21,35
2010-10-22,47
2010-10-23,9
2010-10-24,17
2010-10-25,29
2010-10-26,52
2010-10-27,36
2010-10-28,29
2010-10-29,33
2010-10-30,29
2010-10-31,20
2010-11-01,40
2010-11-02,41
2010-11-03,56
2010-11-04,51
2010-11-05,44
2010-11-06,2
2010-11-07,11
2010-11-08,28
2010-11-09,43
2010-11-10,31
2010-11-11,21
2010-11-12,31
2010-11-13,13
2010-11-14,11
2010-11-15,16
2010-11-16,25
2010-11-17,36
2010-11-18,46
2010-11-19,34
2010-11-20,21
2010-11-21,9
2010-11-22,25
2010-11-23,39
2010-11-24,40
2010-11-25,31
2010-11-26,22
2010-11-27,25
2010-11-28,12
2010-11-29,21
2010-11-30,32
2010-12-01,47
2010-12-02,28
2010-12-03,46
2010-12-04,20
2010-12-05,15
2010-12-06,34
2010-12-07,36
2010-12-08,47
2010-12-09,43
2010-12-10,36
2010-12-11,14
2010-12-12,3
2010-12-13,39
2010-12-14,49
2010-12-15,46
2010-12-16,32
2010-12-17,26
2010-12-18,7
2010-12-19,20
2010-12-20,64
2010-12-21,91
2010-12-22,31
2010-12-23,42
2010-12-24,28
2010-12-25,6
2010-12-26,11
2010-12-27,29
2010-12-28,19
2010-12-29,24
2010-12-30,34
2010-12-31,11
2011-01-01,21
2011-01-02,15
2011-01-03,35
2011-01-04,47
2011-01-05,34
2011-01-06,35
2011-01-07,32
2011-01-08,14
2011-01-09,29
2011-01-10,37
2011-01-11,39
2011-01-12,30
2011-01-13,62
2011-01-14,35
2011-01-15,18
2011-01-16,13
2011-01-17,40
2011-01-18,48
2011-01-19,50
2011-01-20,36
2011-01-21,46
2011-01-22,17
2011-01-23,22
2011-01-24,43
2011-01-25,19
2011-01-26,32
2011-01-27,27
2011-01-28,34
2011-01-29,22
2011-01-30,20
2011-01-31,51
2011-02-01,60
2011-02-02,34
2011-02-03,41
2011-02-04,45
2011-02-05,23
2011-02-06,16
2011-02-07,56
2011-02-08,73
2011-02-09,32
2011-02-10,49
2011-02-11,36
2011-02-12,15
2011-02-13,17
2011-02-14,34
2011-02-15,36
2011-02-16,50
2011-02-17,39
2011-02-18,36
2011-02-19,16
2011-02-20,18
2011-02-21,76
2011-02-22,107
2011-02-23,54
2011-02-24,57
2011-02-25,34
2011-02-26,23
2011-02-27,23
2011-02-28,46
2011-03-01,40
2011-03-02,68
2011-03-03,32
2011-03-04,50
2011-03-05,14
2011-03-06,22
2011-03-07,21
2011-03-08,68
2011-03-09,46
2011-03-10,31
2011-03-11,51
2011-03-12,32
2011-03-13,20
2011-03-14,46
2011-03-15,59
2011-03-16,49
2011-03-17,40
2011-03-18,49
2011-03-19,18
2011-03-20,28
2011-03-21,45
2011-03-22,62
2011-03-23,49
2011-03-24,49
2011-03-25,44
2011-03-26,21
2011-03-27,18
2011-03-28,42
2011-03-29,57
2011-03-30,76
2011-03-31,67
2011-04-01,38
2011-04-02,11
2011-04-03,17
2011-04-04,48
2011-04-05,41
2011-04-06,31
2011-04-07,39
2011-04-08,52
2011-04-09,15
2011-04-10,9
2011-04-11,44
2011-04-12,48
2011-04-13,34
2011-04-14,50
2011-04-15,49
2011-04-16,10
2011-04-17,24
2011-04-18,41
2011-04-19,62
2011-04-20,41
2011-04-21,40
2011-04-22,44
2011-04-23,11
2011-04-24,11
2011-04-25,20
2011-04-26,35
2011-04-27,33
2011-04-28,53
2011-04-29,39
2011-04-30,31
2011-05-01,45
2011-05-02,36
2011-05-03,34
2011-05-04,57
2011-05-05,66
2011-05-06,44
2011-05-07,10
2011-05-08,17
2011-05-09,43
2011-05-10,53
2011-05-11,48
2011-05-12,43
2011-05-13,36
2011-05-14,19
2011-05-15,23
2011-05-16,41
2011-05-17,55
2011-05-18,62
2011-05-19,51
2011-05-20,30
2011-05-21,18
2011-05-22,38
2011-05-23,53
2011-05-24,46
2011-05-25,65
2011-05-26,55
2011-05-27,49
2011-05-28,17
2011-05-29,15
2011-05-30,26
2011-05-31,37
2011-06-01,32
2011-06-02,41
2011-06-03,36
2011-06-04,23
2011-06-05,41
2011-06-06,39
2011-06-07,35
2011-06-08,49
2011-06-09,36
2011-06-10,49
2011-06-11,23
2011-06-12,22
2011-06-13,34
2011-06-14,50
2011-06-15,28
2011-06-16,41
2011-06-17,39
2011-06-18,17
2011-06-19,18
2011-06-20,29
2011-06-21,49
2011-06-22,87
2011-06-23,58
2011-06-24,46
2011-06-25,15
2011-06-26,15
2011-06-27,46
2011-06-28,61
2011-06-29,54
2011-06-30,29
2011-07-01,36
2011-07-02,8
2011-07-03,14
2011-07-04,34
2011-07-05,57
2011-07-06,55
2011-07-07,32
2011-07-08,38
2011-07-09,20
2011-07-10,25
2011-07-11,43
2011-07-12,54
2011-07-13,49
2011-07-14,51
2011-07-15,39
2011-07-16,34
2011-07-17,15
2011-07-18,47
2011-07-19,64
2011-07-20,40
2011-07-21,41
2011-07-22,30
2011-07-23,19
2011-07-24,18
2011-07-25,36
2011-07-26,45
2011-07-27,39
2011-07-28,35
2011-07-29,34
2011-07-30,25
2011-07-31,25
2011-08-01,30
2011-08-02,34
2011-08-03,47
2011-08-04,36
2011-08-05,35
2011-08-06,23
2011-08-07,18
2011-08-08,25
2011-08-09,31
2011-08-10,46
2011-08-11,32
2011-08-12,32
2011-08-13,11
2011-08-14,23
2011-08-15,34
2011-08-16,25
2011-08-17,41
2011-08-18,33
2011-08-19,40
2011-08-20,12
2011-08-21,16
2011-08-22,41
2011-08-23,46
2011-08-24,40
2011-08-25,50
2011-08-26,38
2011-08-27,22
2011-08-28,20
2011-08-29,31
2011-08-30,47
2011-08-31,67
2011-09-01,44
2011-09-02,43
2011-09-03,31
2011-09-04,30
2011-09-05,43
2011-09-06,43
2011-09-07,56
2011-09-08,55
2011-09-09,48
2011-09-10,21
2011-09-11,23
2011-09-12,46
2011-09-13,56
2011-09-14,39
2011-09-15,52
2011-09-16,30
2011-09-17,31
2011-09-18,27
2011-09-19,43
2011-09-20,55
2011-09-21,77
2011-09-22,77
2011-09-23,40
2011-09-24,17
2011-09-25,17
2011-09-26,35
2011-09-27,44
2011-09-28,50
2011-09-29,70
2011-09-30,80
2011-10-01,11
2011-10-02,20
2011-10-03,37
2011-10-04,45
2011-10-05,53
2011-10-06,56
2011-10-07,50
2011-10-08,21
2011-10-09,17
2011-10-10,49
2011-10-11,47
2011-10-12,31
2011-10-13,54
2011-10-14,53
2011-10-15,22
2011-10-16,25
2011-10-17,48
2011-10-18,54
2011-10-19,48
2011-10-20,57
2011-10-21,32
2011-10-22,14
2011-10-23,17
2011-10-24,44
2011-10-25,48
2011-10-26,46
2011-10-27,46
2011-10-28,49
2011-10-29,7
2011-10-30,17
2011-10-31,36
2011-11-01,40
2011-11-02,52
2011-11-03,38
2011-11-04,42
2011-11-05,13
2011-11-06,15
2011-11-07,67
2011-11-08,32
2011-11-09,48
2011-11-10,49
2011-11-11,48
2011-11-12,20
2011-11-13,20
2011-11-14,37
2011-11-15,40
2011-11-16,40
2011-11-17,57
2011-11-18,42
2011-11-19,22
2011-11-20,11
2011-11-21,46
2011-11-22,24
2011-11-23,46
2011-11-24,44
2011-11-25,31
2011-11-26,11
2011-11-27,48
2011-11-28,41
2011-11-29,57
2011-11-30,79
2011-12-01,58
2011-12-02,41
2011-12-03,17
2011-12-04,24
2011-12-05,42
2011-12-06,44
2011-12-07,64
2011-12-08,62
2011-12-09,41
2011-12-10,21
2011-12-11,18
2011-12-12,55
2011-12-13,70
2011-12-14,65
2011-12-15,45
2011-12-16,37
2011-12-17,17
2011-12-18,28
2011-12-19,43
2011-12-20,36
2011-12-21,59
2011-12-22,52
2011-12-23,27
2011-12-24,17
2011-12-25,14
2011-12-26,14
2011-12-27,20
2011-12-28,64
2011-12-29,34
2011-12-30,26
2011-12-31,12
2012-01-01,11
2012-01-02,31
2012-01-03,45
2012-01-04,34
2012-01-05,78
2012-01-06,62
2012-01-07,16
2012-01-08,38
2012-01-09,70
2012-01-10,57
2012-01-11,46
2012-01-12,74
2012-01-13,53
2012-01-14,30
2012-01-15,25
2012-01-16,73
2012-01-17,81
2012-01-18,79
2012-01-19,89
2012-01-20,54
2012-01-21,24
2012-01-22,34
2012-01-23,60
2012-01-24,57
2012-01-25,70
2012-01-26,45
2012-01-27,53
2012-01-28,25
2012-01-29,23
2012-01-30,67
2012-01-31,53
2012-02-01,44
2012-02-02,64
2012-02-03,41
2012-02-04,22
2012-02-05,16
2012-02-06,89
2012-02-07,59
2012-02-08,66
2012-02-09,68
2012-02-10,59
2012-02-11,44
2012-02-12,42
2012-02-13,30
2012-02-14,76
2012-02-15,47
2012-02-16,53
2012-02-17,49
2012-02-18,23
2012-02-19,22
2012-02-20,58
2012-02-21,34
2012-02-22,36
2012-02-23,64
2012-02-24,80
2012-02-25,16
2012-02-26,25
2012-02-27,61
2012-02-28,62
2012-02-29,61
2012-03-01,50
2012-03-02,60
2012-03-03,30
2012-03-04,21
2012-03-05,62
2012-03-06,61
2012-03-07,79
2012-03-08,56
2012-03-09,51
2012-03-10,24
2012-03-11,17
2012-03-12,61
2012-03-13,44
2012-03-14,47
2012-03-15,60
2012-03-16,51
2012-03-17,19
2012-03-18,21
2012-03-19,50
2012-03-20,44
2012-03-21,51
2012-03-22,45
2012-03-23,57
2012-03-24,21
2012-03-25,18
2012-03-26,37
2012-03-27,56
2012-03-28,64
2012-03-29,61
2012-03-30,62
2012-03-31,31
2012-04-01,26
2012-04-02,72
2012-04-03,38
2012-04-04,61
2012-04-05,68
2012-04-06,47
2012-04-07,42
2012-04-08,18
2012-04-09,53
2012-04-10,48
2012-04-11,86
2012-04-12,74
2012-04-13,60
2012-04-14,49
2012-04-15,23
2012-04-16,66
2012-04-17,52
2012-04-18,49
2012-04-19,49
2012-04-20,45
2012-04-21,21
2012-04-22,28
2012-04-23,46
2012-04-24,56
2012-04-25,40
2012-04-26,71
2012-04-27,55
2012-04-28,28
2012-04-29,13
2012-04-30,48
2012-05-01,65
2012-05-02,54
2012-05-03,60
2012-05-04,67
2012-05-05,41
2012-05-06,29
2012-05-07,60
2012-05-08,54
2012-05-09,60
2012-05-10,64
2012-05-11,61
2012-05-12,25
2012-05-13,23
2012-05-14,47
2012-05-15,50
2012-05-16,76
2012-05-17,57
2012-05-18,62
2012-05-19,27
2012-05-20,22
2012-05-21,54
2012-05-22,51
2012-05-23,66
2012-05-24,59
2012-05-25,60
2012-05-26,51
2012-05-27,35
2012-05-28,50
2012-05-29,90
2012-05-30,63
2012-05-31,64
2012-06-01,53
2012-06-02,48
2012-06-03,32
2012-06-04,74
2012-06-05,51
2012-06-06,59
2012-06-07,75
2012-06-08,65
2012-06-09,25
2012-06-10,27
2012-06-11,53
2012-06-12,54
2012-06-13,75
2012-06-14,60
2012-06-15,54
2012-06-16,28
2012-06-17,26
2012-06-18,53
2012-06-19,73
2012-06-20,86
2012-06-21,48
2012-06-22,57
2012-06-23,25
2012-06-24,16
2012-06-25,69
2012-06-26,85
2012-06-27,65
2012-06-28,50
2012-06-29,55
2012-06-30,27
2012-07-01,57
2012-07-02,74
2012-07-03,76
2012-07-04,58
2012-07-05,64
2012-07-06,66
2012-07-07,18
2012-07-08,39
2012-07-09,73
2012-07-10,69
2012-07-11,76
2012-07-12,77
2012-07-13,50
2012-07-14,30
2012-07-15,18
2012-07-16,85
2012-07-17,58
2012-07-18,69
2012-07-19,70
2012-07-20,76
2012-07-21,30
2012-07-22,27
2012-07-23,57
2012-07-24,68
2012-07-25,49
2012-07-26,67
2012-07-27,57
2012-07-28,18
2012-07-29,45
2012-07-30,67
2012-07-31,102
2012-08-01,71
2012-08-02,90
2012-08-03,56
2012-08-04,26
2012-08-05,37
2012-08-06,43
2012-08-07,58
2012-08-08,70
2012-08-09,53
2012-08-10,65
2012-08-11,30
2012-08-12,27
2012-08-13,72
2012-08-14,59
2012-08-15,67
2012-08-16,58
2012-08-17,70
2012-08-18,40
2012-08-19,29
2012-08-20,47
2012-08-21,96
2012-08-22,86
2012-08-23,69
2012-08-24,50
2012-08-25,29
2012-08-26,38
2012-08-27,83
2012-08-28,77
2012-08-29,72
2012-08-30,62
2012-08-31,92
2012-09-01,61
2012-09-02,44
2012-09-03,42
2012-09-04,53
2012-09-05,73
2012-09-06,72
2012-09-07,117
2012-09-08,41
2012-09-09,33
2012-09-10,66
2012-09-11,73
2012-09-12,76
2012-09-13,44
2012-09-14,72
2012-09-15,45
2012-09-16,32
2012-09-17,75
2012-09-18,90
2012-09-19,101
2012-09-20,81
2012-09-21,92
2012-09-22,20
2012-09-23,21
2012-09-24,132
2012-09-25,69
2012-09-26,105
2012-09-27,90
2012-09-28,93
2012-09-29,31
2012-09-30,38
2012-10-01,58
2012-10-02,80
2012-10-03,73
2012-10-04,86
2012-10-05,62
2012-10-06,36
2012-10-07,40
2012-10-08,65
2012-10-09,108
2012-10-10,120
2012-10-11,75
2012-10-12,61
2012-10-13,42
2012-10-14,26
2012-10-15,87
2012-10-16,96
2012-10-17,72
2012-10-18,91
2012-10-19,80
2012-10-20,26
2012-10-21,37
2012-10-22,94
2012-10-23,71
2012-10-24,83
2012-10-25,81
2012-10-26,55
2012-10-27,35
2012-10-28,37
2012-10-29,57
2012-10-30,67
2012-10-31,80
2012-11-01,60
2012-11-02,69
2012-11-03,27
2012-11-04,23
2012-11-05,45
2012-11-06,66
2012-11-07,75
2012-11-08,78
2012-11-09,76
2012-11-10,52
2012-11-11,47
2012-11-12,48
2012-11-13,84
2012-11-14,68
2012-11-15,104
2012-11-16,81
2012-11-17,29
2012-11-18,37
2012-11-19,89
2012-11-20,70
2012-11-21,87
2012-11-22,47
2012-11-23,49
2012-11-24,27
2012-11-25,26
2012-11-26,70
2012-11-27,71
2012-11-28,102
2012-11-29,104
2012-11-30,81
2012-12-01,33
2012-12-02,50
2012-12-03,91
2012-12-04,56
2012-12-05,87
2012-12-06,107
2012-12-07,74
2012-12-08,40
2012-12-09,32
2012-12-10,82
2012-12-11,95
2012-12-12,76
2012-12-13,77
2012-12-14,70
2012-12-15,42
2012-12-16,52
2012-12-17,109
2012-12-18,89
2012-12-19,81
2012-12-20,83
2012-12-21,56
2012-12-22,33
2012-12-23,16
2012-12-24,22
2012-12-25,28
2012-12-26,34
2012-12-27,55
2012-12-28,50
2012-12-29,29
2012-12-30,41
2012-12-31,34
2013-01-01,27
2013-01-02,60
2013-01-03,74
2013-01-04,46
2013-01-05,34
2013-01-06,36
2013-01-07,81
2013-01-08,68
2013-01-09,103
2013-01-10,94
2013-01-11,88
2013-01-12,50
2013-01-13,29
2013-01-14,108
2013-01-15,102
2013-01-16,91
2013-01-17,93
2013-01-18,90
2013-01-19,35
2013-01-20,52
2013-01-21,73
2013-01-22,86
2013-01-23,75
2013-01-24,60
2013-01-25,77
2013-01-26,47
2013-01-27,42
2013-01-28,79
2013-01-29,89
2013-01-30,67
2013-01-31,81
2013-02-01,81
2013-02-02,48
2013-02-03,34
2013-02-04,64
2013-02-05,122
2013-02-06,64
2013-02-07,102
2013-02-08,89
2013-02-09,55
2013-02-10,42
2013-02-11,77
2013-02-12,104
2013-02-13,66
2013-02-14,78
2013-02-15,85
2013-02-16,49
2013-02-17,50
2013-02-18,86
2013-02-19,67
2013-02-20,137
2013-02-21,175
2013-02-22,73
2013-02-23,26
2013-02-24,58
2013-02-25,73
2013-02-26,86
2013-02-27,91
2013-02-28,78
2013-03-01,85
2013-03-02,58
2013-03-03,41
2013-03-04,91
2013-03-05,127
2013-03-06,112
2013-03-07,120
2013-03-08,58
2013-03-09,43
2013-03-10,35
2013-03-11,84
2013-03-12,135
2013-03-13,93
2013-03-14,66
2013-03-15,67
2013-03-16,34
2013-03-17,47
2013-03-18,88
2013-03-19,86
2013-03-20,75
2013-03-21,68
2013-03-22,84
2013-03-23,44
2013-03-24,84
2013-03-25,132
2013-03-26,146
2013-03-27,109
2013-03-28,102
2013-03-29,81
2013-03-30,51
2013-03-31,48
2013-04-01,88
2013-04-02,84
2013-04-03,106
2013-04-04,106
2013-04-05,72
2013-04-06,43
2013-04-07,70
2013-04-08,66
2013-04-09,91
2013-04-10,151
2013-04-11,105
2013-04-12,120
2013-04-13,33
2013-04-14,51
2013-04-15,98
2013-04-16,117
2013-04-17,107
2013-04-18,96
2013-04-19,95
2013-04-20,38
2013-04-21,35
2013-04-22,88
2013-04-23,93
2013-04-24,89
2013-04-25,64
2013-04-26,90
2013-04-27,29
2013-04-28,38
2013-04-29,123
2013-04-30,85
2013-05-01,77
2013-05-02,106
2013-05-03,73
2013-05-04,47
2013-05-05,40
2013-05-06,95
2013-05-07,103
2013-05-08,111
2013-05-09,101
2013-05-10,117
2013-05-11,46
2013-05-12,57
2013-05-13,102
2013-05-14,110
2013-05-15,86
2013-05-16,130
2013-05-17,82
2013-05-18,47
2013-05-19,47
2013-05-20,97
2013-05-21,90
2013-05-22,82
2013-05-23,103
2013-05-24,64
2013-05-25,81
2013-05-26,89
2013-05-27,83
2013-05-28,79
2013-05-29,99
2013-05-30,98
2013-05-31,101
2013-06-01,32
2013-06-02,22
2013-06-03,109
2013-06-04,115
2013-06-05,160
2013-06-06,137
2013-06-07,82
2013-06-08,51
2013-06-09,55
2013-06-10,80
2013-06-11,108
2013-06-12,100
2013-06-13,104
2013-06-14,91
2013-06-15,39
2013-06-16,41
2013-06-17,78
2013-06-18,130
2013-06-19,103
2013-06-20,107
2013-06-21,102
2013-06-22,47
2013-06-23,47
2013-06-24,83
2013-06-25,82
2013-06-26,72
2013-06-27,93
2013-06-28,73
2013-06-29,24
2013-06-30,21
2013-07-01,104
2013-07-02,109
2013-07-03,94
2013-07-04,67
2013-07-05,89
2013-07-06,41
2013-07-07,79
2013-07-08,106
2013-07-09,102
2013-07-10,76
2013-07-11,139
2013-07-12,89
2013-07-13,33
2013-07-14,35
2013-07-15,90
2013-07-16,141
2013-07-17,135
2013-07-18,99
2013-07-19,121
2013-07-20,34
2013-07-21,51
2013-07-22,75
2013-07-23,109
2013-07-24,129
2013-07-25,108
2013-07-26,98
2013-07-27,51
2013-07-28,33
2013-07-29,105
2013-07-30,94
2013-07-31,138
2013-08-01,98
2013-08-02,96
2013-08-03,37
2013-08-04,40
2013-08-05,97
2013-08-06,94
2013-08-07,116
2013-08-08,105
2013-08-09,117
2013-08-10,53
2013-08-11,42
2013-08-12,92
2013-08-13,119
2013-08-14,99
2013-08-15,86
2013-08-16,131
2013-08-17,59
2013-08-18,57
2013-08-19,104
2013-08-20,143
2013-08-21,119
2013-08-22,89
2013-08-23,131
2013-08-24,61
2013-08-25,72
2013-08-26,126
2013-08-27,149
2013-08-28,138
2013-08-29,117
2013-08-30,123
2013-08-31,41
2013-09-01,58
2013-09-02,103
2013-09-03,108
2013-09-04,123
2013-09-05,129
2013-09-06,110
2013-09-07,59
2013-09-08,91
2013-09-09,124
2013-09-10,123
2013-09-11,124
2013-09-12,139
2013-09-13,125
2013-09-14,50
2013-09-15,63
2013-09-16,119
2013-09-17,122
2013-09-18,117
2013-09-19,119
2013-09-20,128
2013-09-21,42
2013-09-22,49
2013-09-23,98
2013-09-24,168
2013-09-25,126
2013-09-26,130
2013-09-27,101
2013-09-28,69
2013-09-29,71
2013-09-30,142
2013-10-01,181
2013-10-02,160
2013-10-03,108
2013-10-04,94
2013-10-05,77
2013-10-06,109
2013-10-07,145
2013-10-08,137
2013-10-09,119
2013-10-10,146
2013-10-11,123
2013-10-12,75
2013-10-13,75
2013-10-14,127
2013-10-15,121
2013-10-16,133
2013-10-17,128
2013-10-18,112
2013-10-19,75
2013-10-20,90
2013-10-21,114
2013-10-22,143
2013-10-23,130
2013-10-24,130
2013-10-25,126
2013-10-26,56
2013-10-27,75
2013-10-28,126
2013-10-29,149
2013-10-30,125
2013-10-31,136
2013-11-01,127
2013-11-02,69
2013-11-03,53
2013-11-04,114
2013-11-05,113
2013-11-06,145
2013-11-07,150
2013-11-08,148
2013-11-09,62
2013-11-10,78
2013-11-11,102
2013-11-12,146
2013-11-13,135
2013-11-14,116
2013-11-15,99
2013-11-16,71
2013-11-17,105
2013-11-18,131
2013-11-19,143
2013-11-20,148
2013-11-21,161
2013-11-22,130
2013-11-23,75
2013-11-24,71
2013-11-25,140
2013-11-26,168
2013-11-27,128
2013-11-28,134
2013-11-29,137
2013-11-30,56
2013-12-01,69
2013-12-02,110
2013-12-03,162
2013-12-04,142
2013-12-05,137
2013-12-06,130
2013-12-07,60
2013-12-08,71
2013-12-09,125
2013-12-10,121
2013-12-11,147
2013-12-12,146
2013-12-13,107
2013-12-14,75
2013-12-15,61
2013-12-16,128
2013-12-17,154
2013-12-18,119
2013-12-19,139
2013-12-20,115
2013-12-21,56
2013-12-22,66
2013-12-23,64
2013-12-24,76
2013-12-25,44
2013-12-26,61
2013-12-27,74
2013-12-28,70
2013-12-29,57
2013-12-30,71
2013-12-31,73
2014-01-01,55
2014-01-02,134
2014-01-03,93
2014-01-04,93
2014-01-05,62
2014-01-06,111
2014-01-07,116
2014-01-08,161
2014-01-09,121
2014-01-10,142
2014-01-11,108
2014-01-12,70
2014-01-13,136
2014-01-14,124
2014-01-15,198
2014-01-16,116
2014-01-17,136
2014-01-18,63
2014-01-19,78
2014-01-20,133
2014-01-21,148
2014-01-22,130
2014-01-23,122
2014-01-24,166
2014-01-25,76
2014-01-26,65
2014-01-27,122
2014-01-28,191
2014-01-29,245
2014-01-30,196
2014-01-31,127
2014-02-01,69
2014-02-02,59
2014-02-03,144
2014-02-04,143
2014-02-05,124
2014-02-06,149
2014-02-07,128
2014-02-08,78
2014-02-09,89
2014-02-10,140
2014-02-11,147
2014-02-12,157
2014-02-13,157
2014-02-14,121
2014-02-15,91
2014-02-16,109
2014-02-17,176
2014-02-18,157
2014-02-19,151
2014-02-20,159
2014-02-21,123
2014-02-22,78
2014-02-23,116
2014-02-24,137
2014-02-25,168
2014-02-26,160
2014-02-27,152
2014-02-28,189
2014-03-01,109
2014-03-02,102
2014-03-03,154
2014-03-04,183
2014-03-05,167
2014-03-06,128
2014-03-07,155
2014-03-08,86
2014-03-09,71
2014-03-10,115
2014-03-11,152
2014-03-12,153
2014-03-13,178
2014-03-14,159
2014-03-15,99
2014-03-16,99
2014-03-17,173
2014-03-18,178
2014-03-19,144
2014-03-20,179
2014-03-21,162
2014-03-22,86
2014-03-23,96
2014-03-24,176
2014-03-25,198
2014-03-26,205
2014-03-27,249
2014-03-28,211
2014-03-29,83
2014-03-30,96
2014-03-31,155
2014-04-01,136
2014-04-02,157
2014-04-03,143
2014-04-04,166
2014-04-05,90
2014-04-06,71
2014-04-07,146
2014-04-08,167
2014-04-09,197
2014-04-10,187
2014-04-11,153
2014-04-12,81
2014-04-13,73
2014-04-14,175
2014-04-15,221
2014-04-16,165
2014-04-17,126
2014-04-18,116
2014-04-19,99
2014-04-20,97
2014-04-21,114
2014-04-22,148
2014-04-23,170
2014-04-24,129
2014-04-25,156
2014-04-26,84
2014-04-27,101
2014-04-28,119
2014-04-29,169
2014-04-30,158
2014-05-01,169
2014-05-02,192
2014-05-03,70
2014-05-04,111
2014-05-05,156
2014-05-06,163
2014-05-07,166
2014-05-08,174
2014-05-09,155
2014-05-10,98
2014-05-11,74
2014-05-12,156
2014-05-13,163
2014-05-14,166
2014-05-15,151
2014-05-16,146
2014-05-17,80
2014-05-18,125
2014-05-19,182
2014-05-20,221
2014-05-21,188
2014-05-22,193
2014-05-23,163
2014-05-24,71
2014-05-25,93
2014-05-26,131
2014-05-27,164
2014-05-28,175
2014-05-29,135
2014-05-30,189
2014-05-31,74
2014-06-01,110
2014-06-02,152
2014-06-03,186
2014-06-04,178
2014-06-05,191
2014-06-06,153
2014-06-07,91
2014-06-08,84
2014-06-09,159
2014-06-10,158
2014-06-11,142
2014-06-12,155
2014-06-13,130
2014-06-14,85
2014-06-15,78
2014-06-16,131
2014-06-17,128
2014-06-18,161
2014-06-19,126
2014-06-20,148
2014-06-21,76
2014-06-22,70
2014-06-23,220
2014-06-24,179
2014-06-25,213
2014-06-26,179
2014-06-27,179
2014-06-28,64
2014-06-29,74
2014-06-30,128
2014-07-01,142
2014-07-02,174
2014-07-03,147
2014-07-04,105
2014-07-05,51
2014-07-06,50
2014-07-07,167
2014-07-08,165
2014-07-09,139
2014-07-10,131
2014-07-11,177
2014-07-12,77
2014-07-13,88
2014-07-14,160
2014-07-15,179
2014-07-16,164
2014-07-17,173
2014-07-18,128
2014-07-19,59
2014-07-20,81
2014-07-21,160
2014-07-22,185
2014-07-23,167
2014-07-24,159
2014-07-25,146
2014-07-26,80
2014-07-27,102
2014-07-28,140
2014-07-29,145
2014-07-30,151
2014-07-31,213
2014-08-01,185
2014-08-02,127
2014-08-03,98
2014-08-04,145
2014-08-05,212
2014-08-06,241
2014-08-07,188
2014-08-08,196
2014-08-09,114
2014-08-10,76
2014-08-11,128
2014-08-12,152
2014-08-13,205
2014-08-14,189
2014-08-15,153
2014-08-16,82
2014-08-17,92
2014-08-18,160
2014-08-19,187
2014-08-20,196
2014-08-21,200
2014-08-22,187
2014-08-23,93
2014-08-24,119
2014-08-25,194
2014-08-26,243
2014-08-27,207
2014-08-28,188
2014-08-29,151
2014-08-30,60
2014-08-31,92
2014-09-01,162
2014-09-02,169
2014-09-03,225
2014-09-04,180
2014-09-05,160
2014-09-06,90
2014-09-07,90
2014-09-08,184
2014-09-09,159
2014-09-10,171
2014-09-11,214
2014-09-12,200
2014-09-13,151
2014-09-14,103
2014-09-15,206
2014-09-16,188
2014-09-17,178
2014-09-18,312
2014-09-19,188
2014-09-20,90
2014-09-21,71
2014-09-22,205
2014-09-23,236
2014-09-24,171
2014-09-25,168
2014-09-26,165
2014-09-27,101
2014-09-28,90
2014-09-29,192
2014-09-30,174
2014-10-01,220
2014-10-02,166
2014-10-03,139
2014-10-04,109
2014-10-05,96
2014-10-06,178
2014-10-07,236
2014-10-08,227
2014-10-09,245
2014-10-10,208
2014-10-11,124
2014-10-12,97
2014-10-13,183
2014-10-14,235
2014-10-15,216
2014-10-16,246
2014-10-17,194
2014-10-18,97
2014-10-19,86
2014-10-20,191
2014-10-21,231
2014-10-22,271
2014-10-23,189
2014-10-24,207
2014-10-25,154
2014-10-26,121
2014-10-27,214
2014-10-28,223
2014-10-29,268
2014-10-30,251
2014-10-31,191
2014-11-01,113
2014-11-02,120
2014-11-03,191
2014-11-04,193
2014-11-05,217
2014-11-06,196
2014-11-07,183
2014-11-08,101
2014-11-09,100
2014-11-10,221
2014-11-11,181
2014-11-12,269
2014-11-13,179
2014-11-14,200
2014-11-15,87
2014-11-16,116
2014-11-17,250
2014-11-18,205
2014-11-19,238
2014-11-20,189
2014-11-21,141
2014-11-22,99
2014-11-23,138
2014-11-24,194
2014-11-25,215
2014-11-26,206
2014-11-27,183
2014-11-28,161
2014-11-29,104
2014-11-30,131
2014-12-01,239
2014-12-02,190
2014-12-03,245
2014-12-04,182
2014-12-05,183
2014-12-06,124
2014-12-07,150
2014-12-08,199
2014-12-09,196
2014-12-10,212
2014-12-11,232
2014-12-12,193
2014-12-13,109
2014-12-14,114
2014-12-15,175
2014-12-16,218
2014-12-17,188
2014-12-18,233
2014-12-19,147
2014-12-20,196
2014-12-21,122
2014-12-22,145
2014-12-23,160
2014-12-24,94
2014-12-25,57
2014-12-26,87
2014-12-27,68
2014-12-28,95
2014-12-29,117
2014-12-30,131
2014-12-31,154
2015-01-01,76
2015-01-02,154
2015-01-03,116
2015-01-04,111
2015-01-05,180
2015-01-06,214
2015-01-07,190
2015-01-08,222
2015-01-09,223
2015-01-10,144
2015-01-11,119
2015-01-12,193
2015-01-13,218
2015-01-14,224
2015-01-15,226
2015-01-16,190
2015-01-17,147
2015-01-18,136
2015-01-19,179
2015-01-20,230
2015-01-21,209
2015-01-22,237
2015-01-23,241
2015-01-24,139
2015-01-25,144
2015-01-26,197
2015-01-27,272
2015-01-28,261
2015-01-29,254
2015-01-30,213
2015-01-31,138
2015-02-01,113
2015-02-02,215
2015-02-03,231
2015-02-04,211
2015-02-05,262
2015-02-06,229
2015-02-07,127
2015-02-08,146
2015-02-09,210
2015-02-10,247
2015-02-11,236
2015-02-12,274
2015-02-13,223
2015-02-14,117
2015-02-15,119
2015-02-16,198
2015-02-17,238
2015-02-18,223
2015-02-19,225
2015-02-20,211
2015-02-21,129
2015-02-22,156
2015-02-23,243
2015-02-24,245
2015-02-25,297
2015-02-26,241
2015-02-27,250
2015-02-28,147
2015-03-01,211
2015-03-02,253
2015-03-03,252
2015-03-04,260
2015-03-05,243
2015-03-06,223
2015-03-07,152
2015-03-08,167
2015-03-09,233
2015-03-10,295
2015-03-11,293
2015-03-12,251
2015-03-13,211
2015-03-14,122
2015-03-15,177
2015-03-16,197
2015-03-17,247
2015-03-18,233
2015-03-19,255
2015-03-20,210
2015-03-21,113
2015-03-22,120
2015-03-23,241
2015-03-24,237
2015-03-25,246
2015-03-26,255
2015-03-27,206
2015-03-28,113
2015-03-29,122
2015-03-30,239
2015-03-31,257
2015-04-01,218
2015-04-02,266
2015-04-03,213
2015-04-04,130
2015-04-05,99
2015-04-06,179
2015-04-07,258
2015-04-08,304
2015-04-09,261
2015-04-10,237
2015-04-11,79
2015-04-12,128
2015-04-13,238
2015-04-14,286
2015-04-15,255
2015-04-16,309
2015-04-17,241
2015-04-18,100
2015-04-19,126
2015-04-20,250
2015-04-21,334
2015-04-22,240
2015-04-23,302
2015-04-24,252
2015-04-25,135
2015-04-26,144
2015-04-27,278
2015-04-28,298
2015-04-29,272
2015-04-30,242
2015-05-01,196
2015-05-02,111
2015-05-03,96
2015-05-04,251
2015-05-05,262
2015-05-06,272
2015-05-07,204
2015-05-08,227
2015-05-09,132
2015-05-10,132
2015-05-11,231
2015-05-12,284
2015-05-13,311
2015-05-14,236
2015-05-15,236
2015-05-16,115
2015-05-17,141
2015-05-18,235
2015-05-19,273
2015-05-20,248
2015-05-21,304
2015-05-22,330
2015-05-23,101
2015-05-24,105
2015-05-25,194
2015-05-26,238
2015-05-27,297
2015-05-28,250
2015-05-29,244
2015-05-30,125
2015-05-31,134
2015-06-01,206
2015-06-02,295
2015-06-03,370
2015-06-04,278
2015-06-05,256
2015-06-06,140
2015-06-07,96
2015-06-08,230
2015-06-09,296
2015-06-10,314
2015-06-11,240
2015-06-12,227
2015-06-13,123
2015-06-14,116
2015-06-15,381
2015-06-16,278
2015-06-17,262
2015-06-18,274
2015-06-19,257
2015-06-20,132
2015-06-21,123
2015-06-22,257
2015-06-23,270
2015-06-24,332
2015-06-25,421
2015-06-26,320
2015-06-27,130
2015-06-28,139
2015-06-29,264
2015-06-30,260
2015-07-01,269
2015-07-02,284
2015-07-03,253
2015-07-04,263
2015-07-05,152
2015-07-06,223
2015-07-07,274
2015-07-08,271
2015-07-09,289
2015-07-10,236
2015-07-11,137
2015-07-12,134
2015-07-13,227
2015-07-14,422
2015-07-15,265
2015-07-16,217
2015-07-17,231
2015-07-18,151
2015-07-19,171
2015-07-20,254
2015-07-21,412
2015-07-22,297
2015-07-23,444
2015-07-24,305
2015-07-25,204
2015-07-26,149
2015-07-27,291
2015-07-28,282
2015-07-29,317
2015-07-30,316
2015-07-31,261
2015-08-01,129
2015-08-02,118
2015-08-03,220
2015-08-04,294
2015-08-05,339
2015-08-06,302
2015-08-07,308
2015-08-08,115
2015-08-09,141
2015-08-10,271
2015-08-11,293
2015-08-12,301
2015-08-13,332
2015-08-14,222
2015-08-15,130
2015-08-16,228
2015-08-17,221
2015-08-18,301
2015-08-19,267
2015-08-20,355
2015-08-21,280
2015-08-22,194
2015-08-23,197
2015-08-24,322
2015-08-25,385
2015-08-26,265
2015-08-27,382
2015-08-28,247
2015-08-29,154
2015-08-30,127
2015-08-31,255
2015-09-01,520
2015-09-02,287
2015-09-03,349
2015-09-04,277
2015-09-05,130
2015-09-06,193
2015-09-07,321
2015-09-08,379
2015-09-09,286
2015-09-10,247
2015-09-11,290
2015-09-12,150
2015-09-13,176
2015-09-14,262
2015-09-15,281
2015-09-16,281
2015-09-17,334
2015-09-18,244
2015-09-19,135
2015-09-20,241
2015-09-21,299
2015-09-22,445
2015-09-23,263
2015-09-24,309
2015-09-25,243
2015-09-26,100
2015-09-27,136
2015-09-28,255
2015-09-29,267
2015-09-30,297
2015-10-01,343
2015-10-02,275
2015-10-03,184
2015-10-04,163
2015-10-05,296
2015-10-06,283
2015-10-07,275
2015-10-08,262
2015-10-09,267
2015-10-10,145
2015-10-11,158
2015-10-12,307
2015-10-13,300
2015-10-14,327
2015-10-15,325
2015-10-16,267
2015-10-17,154
2015-10-18,163
2015-10-19,290
2015-10-20,336
2015-10-21,322
2015-10-22,322
2015-10-23,262
2015-10-24,159
2015-10-25,196
2015-10-26,331
2015-10-27,382
2015-10-28,311
2015-10-29,308
2015-10-30,248
2015-10-31,120
2015-11-01,136
2015-11-02,266
2015-11-03,311
2015-11-04,273
2015-11-05,278
2015-11-06,277
2015-11-07,150
2015-11-08,154
2015-11-09,265
2015-11-10,315
2015-11-11,284
2015-11-12,312
2015-11-13,310
2015-11-14,160
2015-11-15,158
2015-11-16,265
2015-11-17,256
2015-11-18,323
2015-11-19,278
2015-11-20,289
2015-11-21,157
2015-11-22,160
2015-11-23,250
2015-11-24,288
2015-11-25,303
2015-11-26,245
2015-11-27,191
2015-11-28,154
2015-11-29,131
2015-11-30,331
2015-12-01,294
2015-12-02,292
2015-12-03,325
2015-12-04,278
2015-12-05,185
2015-12-06,191
2015-12-07,286
2015-12-08,348
2015-12-09,315
2015-12-10,346
2015-12-11,258
2015-12-12,180
2015-12-13,162
2015-12-14,297
2015-12-15,295
2015-12-16,328
2015-12-17,361
2015-12-18,287
2015-12-19,121
2015-12-20,157
2015-12-21,269
2015-12-22,290
2015-12-23,259
2015-12-24,147
2015-12-25,93
2015-12-26,102
2015-12-27,137
2015-12-28,201
2015-12-29,211
2015-12-30,233
2015-12-31,164
2016-01-01,99
2016-01-02,137
2016-01-03,136
2016-01-04,267
2016-01-05,240
2016-01-06,300
2016-01-07,288
2016-01-08,313
2016-01-09,198
2016-01-10,140
2016-01-11,323
2016-01-12,385
2016-01-13,416
2016-01-14,430
2016-01-15,354
2016-01-16,221
2016-01-17,173
2016-01-18,270
2016-01-19,273
2016-01-20,296
2016-01-21,307
2016-01-22,259
2016-01-23,173
2016-01-24,186
2016-01-25,354
2016-01-26,358
2016-01-27,312
2016-01-28,351
2016-01-29,338
2016-01-30,190
2016-01-31,181
2016-02-01,375
2016-02-02,378
2016-02-03,389
2016-02-04,343
2016-02-05,330
2016-02-06,196
2016-02-07,188
2016-02-08,358
2016-02-09,325
2016-02-10,358
2016-02-11,381
2016-02-12,310
2016-02-13,187
2016-02-14,192
2016-02-15,314
2016-02-16,333
2016-02-17,292
2016-02-18,342
2016-02-19,324
2016-02-20,149
2016-02-21,239
2016-02-22,343
2016-02-23,350
2016-02-24,395
2016-02-25,317
2016-02-26,305
2016-02-27,188
2016-02-28,171
2016-02-29,342
2016-03-01,342
2016-03-02,349
2016-03-03,314
2016-03-04,319
2016-03-05,203
2016-03-06,208
2016-03-07,344
2016-03-08,349
2016-03-09,374
2016-03-10,278
2016-03-11,285
2016-03-12,168
2016-03-13,194
2016-03-14,314
2016-03-15,353
2016-03-16,324
2016-03-17,359
2016-03-18,292
2016-03-19,163
2016-03-20,181
2016-03-21,325
2016-03-22,355
2016-03-23,305
2016-03-24,257
2016-03-25,288
2016-03-26,164
2016-03-27,289
2016-03-28,322
2016-03-29,348
2016-03-30,374
2016-03-31,378
2016-04-01,315
2016-04-02,179
2016-04-03,184
2016-04-04,356
2016-04-05,401
2016-04-06,421
2016-04-07,393
2016-04-08,337
2016-04-09,165
2016-04-10,145
2016-04-11,344
2016-04-12,362
2016-04-13,351
2016-04-14,333
2016-04-15,286
2016-04-16,210
2016-04-17,206
2016-04-18,328
2016-04-19,342
2016-04-20,361
2016-04-21,327
2016-04-22,298
2016-04-23,170
2016-04-24,195
2016-04-25,289
2016-04-26,340
2016-04-27,339
2016-04-28,345
2016-04-29,288
2016-04-30,148
2016-05-01,174
2016-05-02,264
2016-05-03,351
2016-05-04,319
2016-05-05,292
2016-05-06,275
2016-05-07,142
2016-05-08,193
2016-05-09,278
2016-05-10,363
2016-05-11,393
2016-05-12,312
2016-05-13,356
2016-05-14,159
2016-05-15,153
2016-05-16,323
2016-05-17,353
2016-05-18,379
2016-05-19,326
2016-05-20,311
2016-05-21,167
2016-05-22,182
2016-05-23,297
2016-05-24,361
2016-05-25,308
2016-05-26,327
2016-05-27,290
2016-05-28,159
2016-05-29,186
2016-05-30,311
2016-05-31,343
2016-06-01,356
2016-06-02,318
2016-06-03,340
2016-06-04,183
2016-06-05,170
2016-06-06,311
2016-06-07,379
2016-06-08,328
2016-06-09,317
2016-06-10,320
2016-06-11,171
2016-06-12,170
2016-06-13,312
2016-06-14,390
2016-06-15,372
2016-06-16,318
2016-06-17,298
2016-06-18,290
2016-06-19,152
2016-06-20,361
2016-06-21,331
2016-06-22,331
2016-06-23,325
2016-06-24,286
2016-06-25,207
2016-06-26,192
2016-06-27,290
2016-06-28,326
2016-06-29,285
2016-06-30,333
2016-07-01,306
2016-07-02,134
2016-07-03,178
2016-07-04,215
2016-07-05,277
2016-07-06,301
2016-07-07,314
2016-07-08,355
2016-07-09,172
2016-07-10,156
2016-07-11,330
2016-07-12,337
2016-07-13,337
2016-07-14,340
2016-07-15,301
2016-07-16,183
2016-07-17,216
2016-07-18,301
2016-07-19,344
2016-07-20,310
2016-07-21,277
2016-07-22,317
2016-07-23,157
2016-07-24,159
2016-07-25,296
2016-07-26,322
2016-07-27,329
2016-07-28,272
2016-07-29,242
2016-07-30,119
2016-07-31,170
2016-08-01,284
2016-08-02,342
2016-08-03,335
2016-08-04,323
2016-08-05,388
2016-08-06,149
2016-08-07,176
2016-08-08,274
2016-08-09,342
2016-08-10,325
2016-08-11,346
2016-08-12,297
2016-08-13,149
2016-08-14,154
2016-08-15,258
2016-08-16,382
2016-08-17,317
2016-08-18,306
2016-08-19,290
2016-08-20,152
2016-08-21,185
2016-08-22,308
2016-08-23,349
2016-08-24,373
2016-08-25,327
2016-08-26,278
2016-08-27,158
2016-08-28,210
2016-08-29,307
2016-08-30,352
2016-08-31,326
2016-09-01,303
2016-09-02,347
2016-09-03,180
2016-09-04,169
2016-09-05,281
2016-09-06,356
2016-09-07,294
2016-09-08,348
2016-09-09,324
2016-09-10,156
2016-09-11,181
2016-09-12,377
2016-09-13,354
2016-09-14,325
2016-09-15,342
2016-09-16,302
2016-09-17,171
2016-09-18,234
2016-09-19,316
2016-09-20,366
2016-09-21,351
2016-09-22,330
2016-09-23,434
2016-09-24,146
2016-09-25,206
2016-09-26,308
2016-09-27,341
2016-09-28,336
2016-09-29,354
2016-09-30,339
2016-10-01,209
2016-10-02,208
2016-10-03,358
2016-10-04,353
2016-10-05,283
2016-10-06,366
2016-10-07,342
2016-10-08,218
2016-10-09,150
2016-10-10,322
2016-10-11,331
2016-10-12,305
2016-10-13,346
2016-10-14,306
2016-10-15,193
2016-10-16,195
2016-10-17,382
2016-10-18,328
2016-10-19,345
2016-10-20,390
2016-10-21,352
2016-10-22,186
2016-10-23,194
2016-10-24,274
2016-10-25,360
2016-10-26,364
2016-10-27,339
2016-10-28,332
2016-10-29,211
2016-10-30,223
2016-10-31,308
2016-11-01,363
2016-11-02,351
2016-11-03,385
2016-11-04,344
2016-11-05,195
2016-11-06,210
2016-11-07,380
2016-11-08,306
2016-11-09,288
2016-11-10,400
2016-11-11,247
2016-11-12,175
2016-11-13,226
2016-11-14,367
2016-11-15,322
2016-11-16,371
2016-11-17,416
2016-11-18,343
2016-11-19,182
2016-11-20,191
2016-11-21,307
2016-11-22,342
2016-11-23,394
2016-11-24,344
2016-11-25,264
2016-11-26,181
2016-11-27,169
2016-11-28,395
2016-11-29,384
2016-11-30,371
2016-12-01,385
2016-12-02,291
2016-12-03,174
2016-12-04,161
2016-12-05,320
2016-12-06,341
2016-12-07,346
2016-12-08,337
2016-12-09,299
2016-12-10,177
2016-12-11,220
2016-12-12,280
2016-12-13,433
2016-12-14,387
2016-12-15,339
2016-12-16,6501
2016-12-17,151
2016-12-18,168
2016-12-19,330
2016-12-20,297
2016-12-21,294
2016-12-22,291
2016-12-23,242
2016-12-24,146
2016-12-25,121
2016-12-26,211
2016-12-27,258
2016-12-28,277
2016-12-29,292
2016-12-30,342
2016-12-31,324
2017-01-01,140
2017-01-02,216
2017-01-03,263
2017-01-04,324
2017-01-05,335
2017-01-06,299
2017-01-07,174
2017-01-08,204
2017-01-09,335
2017-01-10,351
2017-01-11,375
2017-01-12,359
2017-01-13,336
2017-01-14,187
2017-01-15,201
2017-01-16,377
2017-01-17,373
2017-01-18,333
2017-01-19,362
2017-01-20,358
2017-01-21,200
2017-01-22,226
2017-01-23,356
2017-01-24,361
2017-01-25,304
2017-01-26,338
2017-01-27,295
2017-01-28,207
2017-01-29,248
2017-01-30,353
2017-01-31,313
2017-02-01,299
2017-02-02,328
2017-02-03,305
2017-02-04,255
2017-02-05,238
2017-02-06,350
2017-02-07,356
2017-02-08,349
2017-02-09,405
2017-02-10,331
2017-02-11,221
2017-02-12,237
2017-02-13,387
2017-02-14,390
2017-02-15,406
2017-02-16,370
2017-02-17,324
2017-02-18,209
2017-02-19,247
2017-02-20,326
2017-02-21,402
2017-02-22,406
2017-02-23,365
2017-02-24,340
2017-02-25,174
2017-02-26,276
2017-02-27,366
2017-02-28,335
2017-03-01,441
2017-03-02,380
2017-03-03,313
2017-03-04,220
2017-03-05,254
2017-03-06,330
2017-03-07,409
2017-03-08,399
2017-03-09,396
2017-03-10,342
2017-03-11,188
2017-03-12,199
2017-03-13,362
2017-03-14,358
2017-03-15,414
2017-03-16,386
2017-03-17,408
2017-03-18,204
2017-03-19,250
2017-03-20,362
2017-03-21,399
2017-03-22,387
2017-03-23,371
2017-03-24,366
2017-03-25,190
2017-03-26,240
2017-03-27,370
2017-03-28,468
2017-03-29,408
2017-03-30,402
2017-03-31,297
2017-04-01,158
2017-04-02,233
2017-04-03,395
2017-04-04,350
2017-04-05,448
2017-04-06,382
2017-04-07,312
2017-04-08,184
2017-04-09,204
2017-04-10,350
2017-04-11,390
2017-04-12,442
2017-04-13,452
2017-04-14,327
2017-04-15,224
2017-04-16,202
2017-04-17,290
2017-04-18,419
2017-04-19,328
2017-04-20,384
2017-04-21,337
2017-04-22,193
2017-04-23,185
2017-04-24,372
2017-04-25,375
2017-04-26,383
2017-04-27,394
2017-04-28,439
2017-04-29,200
2017-04-30,187
2017-05-01,365
2017-05-02,382
2017-05-03,394
2017-05-04,421
2017-05-05,347
2017-05-06,242
2017-05-07,235
2017-05-08,366
2017-05-09,378
2017-05-10,428
2017-05-11,414
2017-05-12,350
2017-05-13,221
2017-05-14,222
2017-05-15,411
2017-05-16,430
2017-05-17,442
2017-05-18,433
2017-05-19,417
2017-05-20,227
2017-05-21,202
2017-05-22,326
2017-05-23,350
2017-05-24,478
2017-05-25,405
2017-05-26,323
2017-05-27,196
2017-05-28,162
2017-05-29,333
2017-05-30,436
2017-05-31,461
2017-06-01,427
2017-06-02,390
2017-06-03,195
2017-06-04,194
2017-06-05,383
2017-06-06,428
2017-06-07,425
2017-06-08,413
2017-06-09,443
2017-06-10,244
2017-06-11,225
2017-06-12,318
2017-06-13,414
2017-06-14,404
2017-06-15,379
2017-06-16,320
2017-06-17,230
2017-06-18,191
2017-06-19,329
2017-06-20,460
2017-06-21,436
2017-06-22,502
2017-06-23,436
2017-06-24,281
2017-06-25,269
2017-06-26,541
2017-06-27,459
2017-06-28,509
2017-06-29,536
2017-06-30,450
2017-07-01,210
2017-07-02,205
2017-07-03,371
2017-07-04,477
2017-07-05,474
2017-07-06,577
2017-07-07,453
2017-07-08,257
2017-07-09,294
2017-07-10,344
2017-07-11,477
2017-07-12,556
2017-07-13,502
2017-07-14,584
2017-07-15,319
2017-07-16,307
2017-07-17,494
2017-07-18,544
2017-07-19,561
2017-07-20,461
2017-07-21,453
2017-07-22,296
2017-07-23,353
2017-07-24,468
2017-07-25,526
2017-07-26,405
2017-07-27,416
2017-07-28,486
2017-07-29,332
2017-07-30,334
2017-07-31,475
2017-08-01,563
2017-08-02,538
2017-08-03,526
2017-08-04,500
2017-08-05,318
2017-08-06,307
2017-08-07,444
2017-08-08,496
2017-08-09,418
2017-08-10,519
2017-08-11,414
2017-08-12,197
2017-08-13,169
2017-08-14,346
2017-08-15,560
2017-08-16,666
2017-08-17,556
2017-08-18,523
2017-08-19,313
2017-08-20,283
2017-08-21,449
2017-08-22,548
2017-08-23,562
2017-08-24,472
2017-08-25,560
2017-08-26,308
2017-08-27,252
2017-08-28,475
2017-08-29,484
2017-08-30,595
2017-08-31,481
2017-09-01,370
2017-09-02,255
2017-09-03,241
2017-09-04,418
2017-09-05,518
2017-09-06,574
2017-09-07,513
2017-09-08,431
2017-09-09,269
2017-09-10,252
2017-09-11,427
2017-09-12,509
2017-09-13,568
2017-09-14,466
2017-09-15,476
2017-09-16,320
2017-09-17,319
2017-09-18,509
2017-09-19,515
2017-09-20,584
2017-09-21,554
2017-09-22,572
2017-09-23,331
2017-09-24,339
2017-09-25,482
2017-09-26,548
2017-09-27,562
2017-09-28,561
2017-09-29,523
2017-09-30,293
2017-10-01,302
2017-10-02,505
2017-10-03,606
2017-10-04,461
2017-10-05,643
2017-10-06,620
2017-10-07,307
2017-10-08,376
2017-10-09,574
2017-10-10,491
2017-10-11,540
2017-10-12,561
2017-10-13,556
2017-10-14,317
2017-10-15,334
2017-10-16,548
2017-10-17,553
2017-10-18,487
2017-10-19,476
2017-10-20,606
2017-10-21,262
2017-10-22,292
2017-10-23,665
2017-10-24,557
2017-10-25,484
2017-10-26,576
2017-10-27,459
2017-10-28,261
2017-10-29,307
2017-10-30,471
2017-10-31,440
2017-11-01,568
2017-11-02,474
2017-11-03,414
2017-11-04,266
2017-11-05,276
2017-11-06,515
2017-11-07,455
2017-11-08,519
2017-11-09,495
2017-11-10,359
2017-11-11,295
2017-11-12,251
2017-11-13,350
2017-11-14,403
2017-11-15,453
2017-11-16,489
2017-11-17,440
2017-11-18,271
2017-11-19,239
2017-11-20,343
2017-11-21,344
2017-11-22,345
2017-11-23,305
2017-11-24,312
2017-11-25,211
2017-11-26,236
2017-11-27,475
2017-11-28,402
2017-11-29,429
2017-11-30,424
2017-12-01,399
2017-12-02,223
2017-12-03,223
2017-12-04,346
2017-12-05,407
2017-12-06,549
2017-12-07,287
2017-12-08,382
2017-12-09,259
2017-12-10,202
2017-12-11,359
2017-12-12,435
2017-12-13,419
2017-12-14,370
2017-12-15,270
2017-12-16,196
2017-12-17,173
2017-12-18,352
2017-12-19,323
2017-12-20,326
2017-12-21,364
2017-12-22,268
2017-12-23,183
2017-12-24,194
2017-12-25,184
2017-12-26,230
2017-12-27,262
2017-12-28,326
2017-12-29,289
2017-12-30,194
2017-12-31,203
2018-01-01,197
2018-01-02,223
2018-01-03,247
2018-01-04,334
2018-01-05,304
2018-01-06,200
2018-01-07,212
2018-01-08,371
2018-01-09,348
2018-01-10,382
2018-01-11,432
2018-01-12,500
2018-01-13,245
2018-01-14,195
2018-01-15,293
2018-01-16,391
2018-01-17,438
2018-01-18,452
2018-01-19,381
2018-01-20,235
2018-01-21,217
2018-01-22,314
2018-01-23,406
2018-01-24,407
2018-01-25,361
2018-01-26,343
2018-01-27,214
2018-01-28,203
2018-01-29,360
2018-01-30,450
2018-01-31,386
2018-02-01,432
2018-02-02,401
2018-02-03,238
2018-02-04,229
2018-02-05,351
2018-02-06,386
2018-02-07,420
2018-02-08,405
2018-02-09,401
2018-02-10,234
2018-02-11,208
2018-02-12,358
2018-02-13,423
2018-02-14,311
2018-02-15,337
2018-02-16,372
2018-02-17,230
2018-02-18,214
2018-02-19,268
2018-02-20,323
2018-02-21,238
2018-02-22,242
2018-02-23,360
2018-02-24,227
2018-02-25,214
2018-02-26,344
2018-02-27,370
2018-02-28,283
2018-03-01,273
2018-03-02,243
2018-03-03,235
2018-03-04,302
2018-03-05,323
2018-03-06,350
2018-03-07,400
2018-03-08,428
2018-03-09,427
2018-03-10,219
2018-03-11,220
2018-03-12,365
2018-03-13,349
2018-03-14,360
2018-03-15,395
2018-03-16,231
2018-03-17,254
2018-03-18,196
2018-03-19,337
2018-03-20,410
2018-03-21,345
2018-03-22,377
2018-03-23,247
2018-03-24,119
2018-03-25,100
2018-03-26,321
2018-03-27,329
2018-03-28,315
2018-03-29,239
2018-03-30,266
2018-03-31,106
2018-04-01,193
2018-04-02,276
2018-04-03,321
2018-04-04,333
2018-04-05,371
2018-04-06,340
2018-04-07,140
2018-04-08,104
2018-04-09,330
2018-04-10,384
2018-04-11,277
2018-04-12,228
2018-04-13,362
2018-04-14,208
2018-04-15,207
2018-04-16,328
2018-04-17,404
2018-04-18,221
2018-04-19,243
2018-04-20,305
2018-04-21,193
2018-04-22,208
2018-04-23,281
2018-04-24,369
2018-04-25,312
2018-04-26,395
2018-04-27,285
2018-04-28,210
2018-04-29,350
2018-04-30,306
2018-05-01,305
2018-05-02,336
2018-05-03,322
2018-05-04,341
2018-05-05,191
2018-05-06,194
2018-05-07,336
2018-05-08,306
2018-05-09,312
2018-05-10,369
2018-05-11,336
2018-05-12,189
2018-05-13,168
2018-05-14,280
2018-05-15,185
2018-05-16,304
2018-05-17,305
2018-05-18,291
2018-05-19,188
2018-05-20,184
2018-05-21,289
2018-05-22,325
2018-05-23,313
2018-05-24,372
2018-05-25,326
2018-05-26,223
2018-05-27,183
2018-05-28,246
2018-05-29,307
2018-05-30,387
2018-05-31,356
2018-06-01,334
2018-06-02,182
2018-06-03,195
2018-06-04,298
2018-06-05,321
2018-06-06,366
2018-06-07,340
2018-06-08,365
2018-06-09,180
2018-06-10,181
2018-06-11,296
2018-06-12,366
2018-06-13,374
2018-06-14,285
2018-06-15,315
2018-06-16,191
2018-06-17,182
2018-06-18,381
2018-06-19,348
2018-06-20,391
2018-06-21,347
2018-06-22,299
2018-06-23,197
2018-06-24,149
2018-06-25,251
2018-06-26,315
2018-06-27,286
2018-06-28,282
2018-06-29,287
2018-06-30,175
2018-07-01,160
2018-07-02,291
2018-07-03,441
2018-07-04,254
2018-07-05,394
2018-07-06,260
2018-07-07,181
2018-07-08,177
2018-07-09,277
2018-07-10,316
2018-07-11,300
2018-07-12,291
2018-07-13,354
2018-07-14,105
2018-07-15,81
2018-07-16,187
2018-07-17,300
2018-07-18,303
2018-07-19,328
2018-07-20,272
2018-07-21,161
2018-07-22,167
2018-07-23,323
2018-07-24,320
2018-07-25,335
2018-07-26,388
2018-07-27,211
2018-07-28,187
2018-07-29,176
2018-07-30,315
2018-07-31,294
2018-08-01,288
2018-08-02,301
2018-08-03,274
2018-08-04,175
2018-08-05,200
2018-08-06,264
2018-08-07,373
2018-08-08,358
2018-08-09,330
2018-08-10,304
2018-08-11,170
2018-08-12,164
2018-08-13,265
2018-08-14,187
2018-08-15,212
2018-08-16,216
2018-08-17,277
2018-08-18,174
2018-08-19,168
2018-08-20,261
2018-08-21,372
2018-08-22,290
2018-08-23,298
2018-08-24,253
2018-08-25,172
2018-08-26,64
2018-08-27,278
2018-08-28,280
2018-08-29,338
2018-08-30,472
2018-08-31,301
2018-09-01,193
2018-09-02,175
2018-09-03,244
2018-09-04,293
2018-09-05,307
2018-09-06,300
2018-09-07,221
2018-09-08,188
2018-09-09,208
2018-09-10,277
2018-09-11,306
2018-09-12,333
2018-09-13,344
2018-09-14,433
2018-09-15,500
2018-09-16,184
2018-09-17,332
2018-09-18,290
2018-09-19,303
2018-09-20,394
2018-09-21,1007
2018-09-22,927
2018-09-23,196
2018-09-24,297
2018-09-25,221
2018-09-26,284
2018-09-27,323
2018-09-28,281
2018-09-29,190
2018-09-30,170
2018-10-01,248
2018-10-02,282
2018-10-03,311
2018-10-04,299
2018-10-05,286
2018-10-06,111
2018-10-07,94
2018-10-08,173
2018-10-09,179
2018-10-10,169
2018-10-11,210
2018-10-12,260
2018-10-13,182
2018-10-14,200
2018-10-15,278
2018-10-16,269
2018-10-17,299
2018-10-18,307
2018-10-19,269
2018-10-20,190
2018-10-21,168
2018-10-22,279
2018-10-23,258
2018-10-24,282
2018-10-25,192
2018-10-26,214
2018-10-27,84
2018-10-28,85
2018-10-29,169
2018-10-30,198
2018-10-31,228
2018-11-01,204
2018-11-02,263
2018-11-03,199
2018-11-04,182
2018-11-05,317
2018-11-06,289
2018-11-07,299
2018-11-08,296
2018-11-09,280
2018-11-10,114
2018-11-11,71
2018-11-12,192
2018-11-13,273
2018-11-14,264
2018-11-15,278
2018-11-16,273
2018-11-17,203
2018-11-18,87
2018-11-19,164
2018-11-20,178
2018-11-21,208
2018-11-22,266
2018-11-23,206
2018-11-24,101
2018-11-25,103
2018-11-26,182
2018-11-27,183
2018-11-28,283
2018-11-29,288
2018-11-30,273
2018-12-01,190
2018-12-02,158
2018-12-03,276
2018-12-04,270
2018-12-05,229
2018-12-06,303
2018-12-07,198
2018-12-08,164
2018-12-09,170
2018-12-10,304
2018-12-11,213
2018-12-12,285
2018-12-13,303
2018-12-14,193
2018-12-15,232
2018-12-16,189
2018-12-17,272
2018-12-18,236
2018-12-19,252
2018-12-20,276
2018-12-21,252
2018-12-22,196
2018-12-23,181
2018-12-24,191
2018-12-25,139
2018-12-26,177
2018-12-27,205
2018-12-28,211
2018-12-29,216
2018-12-30,181
2018-12-31,169
2019-01-01,175
2019-01-02,259
2019-01-03,268
2019-01-04,268
2019-01-05,169
2019-01-06,190
2019-01-07,233
2019-01-08,186
2019-01-09,260
2019-01-10,198
2019-01-11,182
2019-01-12,81
2019-01-13,96
2019-01-14,179
2019-01-15,289
2019-01-16,308
2019-01-17,297
2019-01-18,270
2019-01-19,190
2019-01-20,216
2019-01-21,237
2019-01-22,313
2019-01-23,277
2019-01-24,256
2019-01-25,198
2019-01-26,206
2019-01-27,185
2019-01-28,431
2019-01-29,263
2019-01-30,274
2019-01-31,267
2019-02-01,228
2019-02-02,163
2019-02-03,170
2019-02-04,238
2019-02-05,263
2019-02-06,287
2019-02-07,184
2019-02-08,128
2019-02-09,90
2019-02-10,100
2019-02-11,203
2019-02-12,142
2019-02-13,175
2019-02-14,190
2019-02-15,173
2019-02-16,90
2019-02-17,73
2019-02-18,119
2019-02-19,161
2019-02-20,157
2019-02-21,132
2019-02-22,149
2019-02-23,74
2019-02-24,88
2019-02-25,144
2019-02-26,189
2019-02-27,175
2019-02-28,349
2019-03-01,292
2019-03-02,182
2019-03-03,169
2019-03-04,271
2019-03-05,201
2019-03-06,141
2019-03-07,169
2019-03-08,160
2019-03-09,168
2019-03-10,147
2019-03-11,131
2019-03-12,155
2019-03-13,153
2019-03-14,159
2019-03-15,150
2019-03-16,84
2019-03-17,84
2019-03-18,170
2019-03-19,610
2019-03-20,177
2019-03-21,182
2019-03-22,156
2019-03-23,70
2019-03-24,97
2019-03-25,174
2019-03-26,181
2019-03-27,181
2019-03-28,153
2019-03-29,139
2019-03-30,82
2019-03-31,76
2019-04-01,146
2019-04-02,158
2019-04-03,165
2019-04-04,262
2019-04-05,231
2019-04-06,177
2019-04-07,176
2019-04-08,264
2019-04-09,295
2019-04-10,257
2019-04-11,279
2019-04-12,244
2019-04-13,92
2019-04-14,175
2019-04-15,251
2019-04-16,342
2019-04-17,280
2019-04-18,281
2019-04-19,196
2019-04-20,172
2019-04-21,153
2019-04-22,225
2019-04-23,284
2019-04-24,286
2019-04-25,282
2019-04-26,279
2019-04-27,162
2019-04-28,177
2019-04-29,220
2019-04-30,257
2019-05-01,264
2019-05-02,246
2019-05-03,202
2019-05-04,178
2019-05-05,202
2019-05-06,226
2019-05-07,227
2019-05-08,228
2019-05-09,241
2019-05-10,238
2019-05-11,165
2019-05-12,164
2019-05-13,252
2019-05-14,263
2019-05-15,236
2019-05-16,205
2019-05-17,358
2019-05-18,168
2019-05-19,148
2019-05-20,214
2019-05-21,253
2019-05-22,243
2019-05-23,274
2019-05-24,210
2019-05-25,163
2019-05-26,224
2019-05-27,306
2019-05-28,406
2019-05-29,223
2019-05-30,218
2019-05-31,226
2019-06-01,161
2019-06-02,153
2019-06-03,233
2019-06-04,260
2019-06-05,278
2019-06-06,233
2019-06-07,219
2019-06-08,181
2019-06-09,161
2019-06-10,174
2019-06-11,153
2019-06-12,228
2019-06-13,225
2019-06-14,236
2019-06-15,181
2019-06-16,165
2019-06-17,233
2019-06-18,240
2019-06-19,234
2019-06-20,223
2019-06-21,233
2019-06-22,164
2019-06-23,173
2019-06-24,224
2019-06-25,203
2019-06-26,182
2019-06-27,229
2019-06-28,193
2019-06-29,169
2019-06-30,144
2019-07-01,220
2019-07-02,256
2019-07-03,238
2019-07-04,209
2019-07-05,237
2019-07-06,163
2019-07-07,160
2019-07-08,257
2019-07-09,294
2019-07-10,264
2019-07-11,253
2019-07-12,249
2019-07-13,148
2019-07-14,167
2019-07-15,251
2019-07-16,261
2019-07-17,293
2019-07-18,277
2019-07-19,323
2019-07-20,186
2019-07-21,156
2019-07-22,222
2019-07-23,272
2019-07-24,230
2019-07-25,247
2019-07-26,253
2019-07-27,153
2019-07-28,154
2019-07-29,291
2019-07-30,278
2019-07-31,308
2019-08-01,225
2019-08-02,199
2019-08-03,162
2019-08-04,151
2019-08-05,283
2019-08-06,241
2019-08-07,251
2019-08-08,266
2019-08-09,289
2019-08-10,244
2019-08-11,203
2019-08-12,236
2019-08-13,180
2019-08-14,196
2019-08-15,226
2019-08-16,206
2019-08-17,190
2019-08-18,180
2019-08-19,227
2019-08-20,219
2019-08-21,246
2019-08-22,245
2019-08-23,227
2019-08-24,178
2019-08-25,171
2019-08-26,234
2019-08-27,261
2019-08-28,254
2019-08-29,278
2019-08-30,271
2019-08-31,158
2019-09-01,169
2019-09-02,202
2019-09-03,209
2019-09-04,284
2019-09-05,265
2019-09-06,254
2019-09-07,193
2019-09-08,163
2019-09-09,242
2019-09-10,266
2019-09-11,247
2019-09-12,248
2019-09-13,260
2019-09-14,84
2019-09-15,64
2019-09-16,147
2019-09-17,236
2019-09-18,258
2019-09-19,237
2019-09-20,253
2019-09-21,148
2019-09-22,160
2019-09-23,198
2019-09-24,164
2019-09-25,115
2019-09-26,137
2019-09-27,215
2019-09-28,158
2019-09-29,151
2019-09-30,213
2019-10-01,235
2019-10-02,212
2019-10-03,231
2019-10-04,239
2019-10-05,164
2019-10-06,158
2019-10-07,228
2019-10-08,214
2019-10-09,249
2019-10-10,214
2019-10-11,208
2019-10-12,143
2019-10-13,153
2019-10-14,235
2019-10-15,251
2019-10-16,214
2019-10-17,203
2019-10-18,216
2019-10-19,141
2019-10-20,143
2019-10-21,229
2019-10-22,265
2019-10-23,247
2019-10-24,234
2019-10-25,222
2019-10-26,208
2019-10-27,144
2019-10-28,208
2019-10-29,273
2019-10-30,267
2019-10-31,261
2019-11-01,231
2019-11-02,144
2019-11-03,135
2019-11-04,133
2019-11-05,135
2019-11-06,198
2019-11-07,245
2019-11-08,249
2019-11-09,143
2019-11-10,137
2019-11-11,199
2019-11-12,199
2019-11-13,242
2019-11-14,245
2019-11-15,244
2019-11-16,145
2019-11-17,139
2019-11-18,229
2019-11-19,196
2019-11-20,164
2019-11-21,279
2019-11-22,275
2019-11-23,160
2019-11-24,140
2019-11-25,232
2019-11-26,287
2019-11-27,249
2019-11-28,217
2019-11-29,189
2019-11-30,141
2019-12-01,158
2019-12-02,241
2019-12-03,283
2019-12-04,248
2019-12-05,104
2019-12-06,315
2019-12-07,163
2019-12-08,149
2019-12-09,234
2019-12-10,242
2019-12-11,224
2019-12-12,231
2019-12-13,262
2019-12-14,166
2019-12-15,165
2019-12-16,245
2019-12-17,274
2019-12-18,236
2019-12-19,217
2019-12-20,133
2019-12-21,127
2019-12-22,116
2019-12-23,79
2019-12-24,65
2019-12-25,48
2019-12-26,46
2019-12-27,52
2019-12-28,36
2019-12-29,56
2019-12-30,78
2019-12-31,55
2020-01-01,25
2020-01-02,89
2020-01-03,113
2020-01-04,146
2020-01-05,130
2020-01-06,209
2020-01-07,223
2020-01-08,257
2020-01-09,270
2020-01-10,255
2020-01-11,173
2020-01-12,129
2020-01-13,267
2020-01-14,270
2020-01-15,250
2020-01-16,224
2020-01-17,224
2020-01-18,166
2020-01-19,143
2020-01-20,210
2020-01-21,253
2020-01-22,277
2020-01-23,223
2020-01-24,234
2020-01-25,130
2020-01-26,132
2020-01-27,226
2020-01-28,267
2020-01-29,236
2020-01-30,255
2020-01-31,205
2020-02-01,54
2020-02-02,75
2020-02-03,156
2020-02-04,130
2020-02-05,208
2020-02-06,266
2020-02-07,220
2020-02-08,159
2020-02-09,138
2020-02-10,267
2020-02-11,316
2020-02-12,330
2020-02-13,341
2020-02-14,467
2020-02-15,166
2020-02-16,153
2020-02-17,169
2020-02-18,327
2020-02-19,381
2020-02-20,422
2020-02-21,339
2020-02-22,165
2020-02-23,138
2020-02-24,258
2020-02-25,275
2020-02-26,423
2020-02-27,182
2020-02-28,260
2020-02-29,117
2020-03-01,52
2020-03-02,161
2020-03-03,166
2020-03-04,250
2020-03-05,246
2020-03-06,244
2020-03-07,56
2020-03-08,97
2020-03-09,113
2020-03-10,274
2020-03-11,191
2020-03-12,213
2020-03-13,184
2020-03-14,133
2020-03-15,139
2020-03-16,177
2020-03-17,242
2020-03-18,197
2020-03-19,252
2020-03-20,217
2020-03-21,145
2020-03-22,146
2020-03-23,227
2020-03-24,238
2020-03-25,157
2020-03-26,123
2020-03-27,132
2020-03-28,54
2020-03-29,44
2020-03-30,141
2020-03-31,130
2020-04-01,128
2020-04-02,113
2020-04-03,154
2020-04-04,166
2020-04-05,155
2020-04-06,238
2020-04-07,234
2020-04-08,229
2020-04-09,232
2020-04-10,167
2020-04-11,155
2020-04-12,140
2020-04-13,203
2020-04-14,229
2020-04-15,229
2020-04-16,243
2020-04-17,275
2020-04-18,191
2020-04-19,144
2020-04-20,159
2020-04-21,261
2020-04-22,257
2020-04-23,231
2020-04-24,208
2020-04-25,173
2020-04-26,158
2020-04-27,216
2020-04-28,255
2020-04-29,236
2020-04-30,247
2020-05-01,190
2020-05-02,163
2020-05-03,170
2020-05-04,247
2020-05-05,245
2020-05-06,207
2020-05-07,219
2020-05-08,192
2020-05-09,149
2020-05-10,149
2020-05-11,202
2020-05-12,214
2020-05-13,217
2020-05-14,173
2020-05-15,217
2020-05-16,189
2020-05-17,149
2020-05-18,211
2020-05-19,233
2020-05-20,258
2020-05-21,219
2020-05-22,216
2020-05-23,154
2020-05-24,147
2020-05-25,192
2020-05-26,239
2020-05-27,269
2020-05-28,242
2020-05-29,234
2020-05-30,129
2020-05-31,122
2020-06-01,167
2020-06-02,146
2020-06-03,212
2020-06-04,181
2020-06-05,207
2020-06-06,154
2020-06-07,154
2020-06-08,205
2020-06-09,221
2020-06-10,232
2020-06-11,247
2020-06-12,168
2020-06-13,123
2020-06-14,127
2020-06-15,187
2020-06-16,230
2020-06-17,237
2020-06-18,129
2020-06-19,207
2020-06-20,149
2020-06-21,159
2020-06-22,172
2020-06-23,176
2020-06-24,210
2020-06-25,182
2020-06-26,241
2020-06-27,168
2020-06-28,142
2020-06-29,210
2020-06-30,196
2020-07-01,226
2020-07-02,196
2020-07-03,154
2020-07-04,140
2020-07-05,49
2020-07-06,107
2020-07-07,265
2020-07-08,231
2020-07-09,210
2020-07-10,150
2020-07-11,131
2020-07-12,140
2020-07-13,188
2020-07-14,224
2020-07-15,220
2020-07-16,222
2020-07-17,200
2020-07-18,148
2020-07-19,132
2020-07-20,231
2020-07-21,225
2020-07-22,175
2020-07-23,193
2020-07-24,214
2020-07-25,136
2020-07-26,121
2020-07-27,200
2020-07-28,108
2020-07-29,225
2020-07-30,244
2020-07-31,197
2020-08-01,139
2020-08-02,143
2020-08-03,204
2020-08-04,197
2020-08-05,191
2020-08-06,191
2020-08-07,179
2020-08-08,107
2020-08-09,101
2020-08-10,161
2020-08-11,173
2020-08-12,172
2020-08-13,200
2020-08-14,167
2020-08-15,154
2020-08-16,136
2020-08-17,202
2020-08-18,207
2020-08-19,213
2020-08-20,167
2020-08-21,192
2020-08-22,121
2020-08-23,111
2020-08-24,152
2020-08-25,154
2020-08-26,179
2020-08-27,183
2020-08-28,193
2020-08-29,124
2020-08-30,120
2020-08-31,128
2020-09-01,152
2020-09-02,214
2020-09-03,198
2020-09-04,187
2020-09-05,135
2020-09-06,120
2020-09-07,163
2020-09-08,174
2020-09-09,254
2020-09-10,114
2020-09-11,129
2020-09-12,127
2020-09-13,136
2020-09-14,174
2020-09-15,202
2020-09-16,197
2020-09-17,229
2020-09-18,209
2020-09-19,137
2020-09-20,48
2020-09-21,101
2020-09-22,124
2020-09-23,222
2020-09-24,216
2020-09-25,226
2020-09-26,142
2020-09-27,134
2020-09-28,196
2020-09-29,197
2020-09-30,243
2020-10-01,217
2020-10-02,185
2020-10-03,134
2020-10-04,115
2020-10-05,164
2020-10-06,210
2020-10-07,215
2020-10-08,179
2020-10-09,212
2020-10-10,143
2020-10-11,139
2020-10-12,202
2020-10-13,169
2020-10-14,174
2020-10-15,230
2020-10-16,217
2020-10-17,140
2020-10-18,127
2020-10-19,207
2020-10-20,196
2020-10-21,201
2020-10-22,171
2020-10-23,149
2020-10-24,131
2020-10-25,152
2020-10-26,213
2020-10-27,206
2020-10-28,210
2020-10-29,199
2020-10-30,181
2020-10-31,46
2020-11-01,35
2020-11-02,127
2020-11-03,268
2020-11-04,224
2020-11-05,198
2020-11-06,185
2020-11-07,141
2020-11-08,156
2020-11-09,200
2020-11-10,114
2020-11-11,242
2020-11-12,214
2020-11-13,130
2020-11-14,169
2020-11-15,140
2020-11-16,180
2020-11-17,166
2020-11-18,94
2020-11-19,136
2020-11-20,194
2020-11-21,179
2020-11-22,138
2020-11-23,147
2020-11-24,227
2020-11-25,192
2020-11-26,189
2020-11-27,215
2020-11-28,153
2020-11-29,120
2020-11-30,226
2020-12-01,173
2020-12-02,223
2020-12-03,215
2020-12-04,201
2020-12-05,161
2020-12-06,142
2020-12-07,192
2020-12-08,217
2020-12-09,220
2020-12-10,285
2020-12-11,219
2020-12-12,159
2020-12-13,138
2020-12-14,160
2020-12-15,191
2020-12-16,209
2020-12-17,130
2020-12-18,146
2020-12-19,76
2020-12-20,55
2020-12-21,103
2020-12-22,89
2020-12-23,83
2020-12-24,77
2020-12-25,49
2020-12-26,39
2020-12-27,45
2020-12-28,96
2020-12-29,109
2020-12-30,93
2020-12-31,73
2021-01-01,71
2021-01-02,62
2021-01-03,65
2021-01-04,122
2021-01-05,177
2021-01-06,115
2021-01-07,143
2021-01-08,129
2021-01-09,66
2021-01-10,48
2021-01-11,125
2021-01-12,190
2021-01-13,130
2021-01-14,152
2021-01-15,125
2021-01-16,59
2021-01-17,45
2021-01-18,85
2021-01-19,89
2021-01-20,130
2021-01-21,123
2021-01-22,124
2021-01-23,62
2021-01-24,60
2021-01-25,94
2021-01-26,112
2021-01-27,174
2021-01-28,102
2021-01-29,89
2021-01-30,63
2021-01-31,67
2021-02-01,149
2021-02-02,176
2021-02-03,150
2021-02-04,111
2021-02-05,97
2021-02-06,96
2021-02-07,74
2021-02-08,108
2021-02-09,122
2021-02-10,136
2021-02-11,137
2021-02-12,119
2021-02-13,60
2021-02-14,52
2021-02-15,98
2021-02-16,106
2021-02-17,103
2021-02-18,113
2021-02-19,98
2021-02-20,52
2021-02-21,76
2021-02-22,110
2021-02-23,142
2021-02-24,167
2021-02-25,137
2021-02-26,134
2021-02-27,66
2021-02-28,75
2021-03-01,112
2021-03-02,124
2021-03-03,122
2021-03-04,105
2021-03-05,137
2021-03-06,52
2021-03-07,47
2021-03-08,94
2021-03-09,127
2021-03-10,165
2021-03-11,163
2021-03-12,137
2021-03-13,92
2021-03-14,75
2021-03-15,134
2021-03-16,113
2021-03-17,110
2021-03-18,126
2021-03-19,96
2021-03-20,55
2021-03-21,48
2021-03-22,134
2021-03-23,105
2021-03-24,133
2021-03-25,187
2021-03-26,102
2021-03-27,58
2021-03-28,81
2021-03-29,80
2021-03-30,146
2021-03-31,116
2021-04-01,104
2021-04-02,67
2021-04-03,38
2021-04-04,41
2021-04-05,105
2021-04-06,113
2021-04-07,139
2021-04-08,131
2021-04-09,157
2021-04-10,51
2021-04-11,50
2021-04-12,63
2021-04-13,139
2021-04-14,104
2021-04-15,102
2021-04-16,118
2021-04-17,71
2021-04-18,52
2021-04-19,117
2021-04-20,124
2021-04-21,122
2021-04-22,170
2021-04-23,109
2021-04-24,59
2021-04-25,55
2021-04-26,120
2021-04-27,131
2021-04-28,108
2021-04-29,103
2021-04-30,115
2021-05-01,60
2021-05-02,38
2021-05-03,85
2021-05-04,122
2021-05-05,112
2021-05-06,112
2021-05-07,105
2021-05-08,51
2021-05-09,34
2021-05-10,87
2021-05-11,165
2021-05-12,131
2021-05-13,119
2021-05-14,71
2021-05-15,52
2021-05-16,49
2021-05-17,145
2021-05-18,99
2021-05-19,120
2021-05-20,101
2021-05-21,133
2021-05-22,44
2021-05-23,44
2021-05-24,107
2021-05-25,111
2021-05-26,126
2021-05-27,136
2021-05-28,95
2021-05-29,53
2021-05-30,39
2021-05-31,60
2021-06-01,93
2021-06-02,120
2021-06-03,92
2021-06-04,126
2021-06-05,77
2021-06-06,43
2021-06-07,88
2021-06-08,98
2021-06-09,128
2021-06-10,126
2021-06-11,94
2021-06-12,69
2021-06-13,45
2021-06-14,91
2021-06-15,130
2021-06-16,123
2021-06-17,168
2021-06-18,104
2021-06-19,34
2021-06-20,48
2021-06-21,100
2021-06-22,100
2021-06-23,124
2021-06-24,91
2021-06-25,81
2021-06-26,35
2021-06-27,73
2021-06-28,100
2021-06-29,97
2021-06-30,92
2021-07-01,73
2021-07-02,113
2021-07-03,39
2021-07-04,26
2021-07-05,53
2021-07-06,78
2021-07-07,109
2021-07-08,69
2021-07-09,65
2021-07-10,34
2021-07-11,38
2021-07-12,62
2021-07-13,92
2021-07-14,93
2021-07-15,107
2021-07-16,131
2021-07-17,70
2021-07-18,48
2021-07-19,99
2021-07-20,77
2021-07-21,90
2021-07-22,102
2021-07-23,98
2021-07-24,47
2021-07-25,15
2021-07-26,85
2021-07-27,82
2021-07-28,64
2021-07-29,66
2021-07-30,53
2021-07-31,45
2021-08-01,17
2021-08-02,73
2021-08-03,61
2021-08-04,50
2021-08-05,92
2021-08-06,54
2021-08-07,27
2021-08-08,15
2021-08-09,118
2021-08-10,115
2021-08-11,88
2021-08-12,92
2021-08-13,63
2021-08-14,32
2021-08-15,27
2021-08-16,64
2021-08-17,109
2021-08-18,99
2021-08-19,82
2021-08-20,85
2021-08-21,34
2021-08-22,27
2021-08-23,59
2021-08-24,78
2021-08-25,71
2021-08-26,99
2021-08-27,126
2021-08-28,27
2021-08-29,38
2021-08-30,69
2021-08-31,126
2021-09-01,110
2021-09-02,115
2021-09-03,55
2021-09-04,58
2021-09-05,25
2021-09-06,67
2021-09-07,69
2021-09-08,105
2021-09-09,76
2021-09-10,123
2021-09-11,55
2021-09-12,56
2021-09-13,78
2021-09-14,93
2021-09-15,86
2021-09-16,72
2021-09-17,78
2021-09-18,35
2021-09-19,22
2021-09-20,76
2021-09-21,122
2021-09-22,99
2021-09-23,96
2021-09-24,74
2021-09-25,46
2021-09-26,22
2021-09-27,78
2021-09-28,80
2021-09-29,75
2021-09-30,91
2021-10-01,78
2021-10-02,44
2021-10-03,27
2021-10-04,86
2021-10-05,115
2021-10-06,107
2021-10-07,129
2021-10-08,104
2021-10-09,52
2021-10-10,30
2021-10-11,58
2021-10-12,100
2021-10-13,97
2021-10-14,57
2021-10-15,75
2021-10-16,27
2021-10-17,36
2021-10-18,62
2021-10-19,87
2021-10-20,80
2021-10-21,110
2021-10-22,71
2021-10-23,26
2021-10-24,39
2021-10-25,76
2021-10-26,72
2021-10-27,81
2021-10-28,90
2021-10-29,84
2021-10-30,43
2021-10-31,29
2021-11-01,65
2021-11-02,82
2021-11-03,84
2021-11-04,72
2021-11-05,97
2021-11-06,32
2021-11-07,34
2021-11-08,84
2021-11-09,72
2021-11-10,95
2021-11-11,85
2021-11-12,58
2021-11-13,22
2021-11-14,26
2021-11-15,51
2021-11-16,64
2021-11-17,107
2021-11-18,80
2021-11-19,111
2021-11-20,28
2021-11-21,42
2021-11-22,63
2021-11-23,82
2021-11-24,72
2021-11-25,62
2021-11-26,60
2021-11-27,35
2021-11-28,20
2021-11-29,65
2021-11-30,60
2021-12-01,71
2021-12-02,85
2021-12-03,59
2021-12-04,29
2021-12-05,15
2021-12-06,50
2021-12-07,73
2021-12-08,100
2021-12-09,72
2021-12-10,61
2021-12-11,39
2021-12-12,15
2021-12-13,56
2021-12-14,138
2021-12-15,102
2021-12-16,117
2021-12-17,73
2021-12-18,35
2021-12-19,22
2021-12-20,71
2021-12-21,94
2021-12-22,85
2021-12-23,47
2021-12-24,22
2021-12-25,14
2021-12-26,23
2021-12-27,33
2021-12-28,39
2021-12-29,45
2021-12-30,59
2021-12-31,54